regime_axis,regime,model,samples,accuracy,macro_f1,balanced_accuracy,short_precision,short_recall,hold_precision,hold_recall,long_precision,long_recall,short_support,hold_support,long_support
trend,UP,Ridge-Flat,1482,0.4365721997300945,0.24632554833105666,0.3241151508398977,0.4423076923076923,0.0444015444015444,0.47130833970925784,0.8992700729927007,0.06504065040650407,0.02867383512544803,518,685,279
trend,DOWN,Ridge-Flat,2544,0.4520440251572327,0.29384550694747824,0.35067648548801134,0.13043478260869565,0.02097902097902098,0.47402298850574714,0.8693086003372681,0.4094488188976378,0.16174183514774496,715,1186,643
trend,SIDEWAYS,Ridge-Flat,2265,0.5646799116997793,0.2823720769076627,0.33818743891833863,0.3888888888888889,0.042682926829268296,0.5839587242026266,0.9431818181818182,0.16455696202531644,0.02869757174392936,492,1320,453
volatility,HIGH,Ridge-Flat,2653,0.4244251790425933,0.29408343861218,0.34958416538604165,0.3148148148148148,0.04066985645933014,0.4518963922294172,0.8272650296359018,0.3002610966057441,0.18081761006289307,836,1181,636
volatility,LOW,Ridge-Flat,3638,0.5360087960417812,0.25857969668765984,0.3314632009839075,0.22123893805309736,0.0281214848143982,0.5547508690614137,0.9527363184079602,0.136986301369863,0.013531799729364006,889,2010,739
combined,UP_HIGH,Ridge-Flat,691,0.3878437047756874,0.2537004913816508,0.3171306179248401,0.7307692307692307,0.0657439446366782,0.4358047016274864,0.8087248322147651,0.07142857142857142,0.07692307692307693,289,298,104
combined,UP_LOW,Ridge-Flat,791,0.47914032869785084,0.22956356366677547,0.3288198323234375,0.15384615384615385,0.017467248908296942,0.4973474801061008,0.9689922480620154,0.0,0.0,229,387,175
combined,DOWN_HIGH,Ridge-Flat,1385,0.43176895306859203,0.3097948873218481,0.3655762801806363,0.09230769230769231,0.014925373134328358,0.44484304932735425,0.835016835016835,0.4682926829268293,0.2467866323907455,402,594,389
combined,DOWN_LOW,Ridge-Flat,1159,0.47627264883520276,0.2500306050856021,0.32132209093952196,0.18,0.02875399361022364,0.5047169811320755,0.9037162162162162,0.16326530612244897,0.031496062992125984,313,592,254
combined,SIDEWAYS_HIGH,Ridge-Flat,577,0.4506065857885615,0.2764670296430732,0.3231472898099792,0.5294117647058824,0.06206896551724138,0.48582995951417,0.8304498269896193,0.16666666666666666,0.07692307692307693,145,289,143
combined,SIDEWAYS_LOW,Ridge-Flat,1688,0.6036729857819905,0.2759916487547081,0.338605170248166,0.32432432432432434,0.0345821325648415,0.6135531135531136,0.9747817652764307,0.15384615384615385,0.0064516129032258064,347,1031,310
trend,UP,LSTM Classifier,1482,0.45006747638326583,0.27855027463369114,0.35344615024388987,0.2962962962962963,0.015444015444015444,0.47112462006079026,0.9051094890510949,0.2805755395683453,0.13978494623655913,518,685,279
trend,DOWN,LSTM Classifier,2544,0.4559748427672956,0.34037171484201995,0.3732062860982685,0.2698412698412698,0.07132867132867132,0.48994326972666324,0.8010118043844857,0.38221153846153844,0.24727838258164853,715,1186,643
trend,SIDEWAYS,LSTM Classifier,2265,0.5359823399558499,0.29877587744784734,0.33394773938708683,0.2011173184357542,0.07317073170731707,0.58646998982706,0.8734848484848485,0.20833333333333334,0.05518763796909492,492,1320,453
volatility,HIGH,LSTM Classifier,2653,0.449302676215605,0.33285375324772254,0.38636102886666474,0.3855421686746988,0.03827751196172249,0.47593320235756387,0.8204911092294666,0.35767790262172283,0.300314465408805,836,1181,636
volatility,LOW,LSTM Classifier,3638,0.5082462891698736,0.2843015077192724,0.3289349055955488,0.20192307692307693,0.07086614173228346,0.5507064364207221,0.872636815920398,0.22695035460992907,0.04330175913396482,889,2010,739
combined,UP_HIGH,LSTM Classifier,691,0.41389290882778584,0.2936283706386799,0.37235318829162445,0.7272727272727273,0.02768166089965398,0.4288135593220339,0.8489932885906041,0.2777777777777778,0.2403846153846154,289,298,104
combined,UP_LOW,LSTM Classifier,791,0.48166877370417194,0.26149296196466004,0.34277347114556417,0.0,0.0,0.5055096418732782,0.9483204134366925,0.2857142857142857,0.08,229,387,175
combined,DOWN_HIGH,LSTM Classifier,1385,0.4548736462093863,0.35869902642016943,0.40322766646801994,0.3888888888888889,0.05223880597014925,0.4796663190823775,0.7744107744107744,0.40053763440860213,0.38303341902313626,402,594,389
combined,DOWN_LOW,LSTM Classifier,1159,0.457290767903365,0.27481744486649967,0.3209731422700908,0.2222222222222222,0.09584664536741214,0.5,0.8277027027027027,0.22727272727272727,0.03937007874015748,313,592,254
combined,SIDEWAYS_HIGH,LSTM Classifier,577,0.4783362218370884,0.28491438842254363,0.34179464094748674,0.16666666666666666,0.020689655172413793,0.5256673511293635,0.8858131487889274,0.2361111111111111,0.11888111888111888,145,289,143
combined,SIDEWAYS_LOW,LSTM Classifier,1688,0.5556872037914692,0.2964516777097536,0.33031213804311993,0.20496894409937888,0.09510086455331412,0.6064908722109533,0.8700290979631425,0.16666666666666666,0.025806451612903226,347,1031,310
trend,UP,TimesNet Classifier,1482,0.41295546558704455,0.3469717969373036,0.36433522223491616,0.3188976377952756,0.15637065637065636,0.4739583333333333,0.6642335766423357,0.2835820895522388,0.2724014336917563,518,685,279
trend,DOWN,TimesNet Classifier,2544,0.40723270440251574,0.36428343797857005,0.3676260805206855,0.25846702317290554,0.20279720279720279,0.5040650406504065,0.5750421585160203,0.33174603174603173,0.3250388802488336,715,1186,643
trend,SIDEWAYS,TimesNet Classifier,2265,0.47152317880794703,0.3671035698371237,0.36687587390624055,0.23869801084990958,0.2682926829268293,0.6031183557760453,0.6446969696969697,0.2823920265780731,0.18763796909492272,492,1320,453
volatility,HIGH,TimesNet Classifier,2653,0.38635506973237843,0.35394091475719885,0.3686103700766094,0.2968421052631579,0.1686602870813397,0.4766997708174179,0.5283657917019475,0.2991944764096663,0.4088050314465409,836,1181,636
volatility,LOW,TimesNet Classifier,3638,0.46481583287520617,0.35528118831013805,0.35718375012870324,0.24300111982082867,0.2440944881889764,0.5648033126293995,0.6786069651741293,0.3333333333333333,0.14884979702300405,889,2010,739
combined,UP_HIGH,TimesNet Classifier,691,0.39363241678726485,0.3369310156756206,0.4011380099429611,0.48148148148148145,0.08996539792387544,0.42735042735042733,0.6711409395973155,0.27218934911242604,0.4423076923076923,289,298,104
combined,UP_LOW,TimesNet Classifier,791,0.42983565107458915,0.3518643789190113,0.35683932419994163,0.275,0.24017467248908297,0.5182926829268293,0.6589147286821705,0.30303030303030304,0.17142857142857143,229,387,175
combined,DOWN_HIGH,TimesNet Classifier,1385,0.36823104693140796,0.35175260695310895,0.3575045625653767,0.25149700598802394,0.208955223880597,0.48785046728971965,0.4393939393939394,0.31976744186046513,0.4241645244215938,402,594,389
combined,DOWN_LOW,TimesNet Classifier,1159,0.453839516824849,0.3540731604253035,0.3597550580063598,0.2687224669603524,0.19488817891373802,0.5146699266503667,0.7111486486486487,0.38596491228070173,0.1732283464566929,313,592,254
combined,SIDEWAYS_HIGH,TimesNet Classifier,577,0.42114384748700173,0.37161157619221896,0.3734880956453561,0.3563218390804598,0.21379310344827587,0.5326797385620915,0.5640138408304498,0.266304347826087,0.34265734265734266,145,289,143
combined,SIDEWAYS_LOW,TimesNet Classifier,1688,0.4887440758293839,0.35375850271935866,0.35816953424954967,0.2167381974248927,0.2910662824207493,0.6226244343891403,0.6673132880698351,0.3076923076923077,0.11612903225806452,347,1031,310
trend,UP,Chronos-2 LoRA,1482,0.4676113360323887,0.24401146831641674,0.34177587389266223,0.5576923076923077,0.055984555984555984,0.4669479606188467,0.9693430656934306,0.0,0.0,518,685,279
trend,DOWN,Chronos-2 LoRA,2544,0.45754716981132076,0.2443655840609662,0.33575163018827964,0.2,0.011188811188811189,0.4785380365490863,0.9494097807757167,0.1986754966887417,0.04665629860031104,715,1186,643
trend,SIDEWAYS,Chronos-2 LoRA,2265,0.5796909492273731,0.24897707604742522,0.3329572579289911,0.2,0.0020325203252032522,0.5827402135231317,0.9924242424242424,0.16666666666666666,0.004415011037527594,492,1320,453
volatility,HIGH,Chronos-2 LoRA,2653,0.4425179042593291,0.24681450306406308,0.3399221299482553,0.4444444444444444,0.03827751196172249,0.45758564437194127,0.9500423370025403,0.15503875968992248,0.031446540880503145,836,1181,636
volatility,LOW,Chronos-2 LoRA,3638,0.548653106102254,0.25089749292243074,0.3356889726735807,0.24,0.006749156355455568,0.5539064687762532,0.9840796019900497,0.2857142857142857,0.016238159675236806,889,2010,739
combined,UP_HIGH,Chronos-2 LoRA,691,0.44138929088277856,0.24604346999775392,0.3419644999729066,0.6052631578947368,0.07958477508650519,0.43653250773993807,0.9463087248322147,0.0,0.0,289,298,104
combined,UP_LOW,Chronos-2 LoRA,791,0.49051833122629585,0.23543482337788255,0.33776032557387287,0.42857142857142855,0.026200873362445413,0.49226804123711343,0.9870801033591732,0.0,0.0,229,387,175
combined,DOWN_HIGH,Chronos-2 LoRA,1385,0.4202166064981949,0.2404726718008012,0.33465810397348084,0.26666666666666666,0.01990049751243781,0.448582995951417,0.9326599326599326,0.16666666666666666,0.05141388174807198,402,594,389
combined,DOWN_LOW,Chronos-2 LoRA,1159,0.5021570319240725,0.24639376218323586,0.33519543165212456,0.0,0.0,0.5116279069767442,0.9662162162162162,0.3225806451612903,0.03937007874015748,313,592,254
combined,SIDEWAYS_HIGH,Chronos-2 LoRA,577,0.49740034662045063,0.2261796992872379,0.3321719762955892,0.25,0.006896551724137931,0.500875656742557,0.9896193771626297,0.0,0.0,145,289,143
combined,SIDEWAYS_LOW,Chronos-2 LoRA,1688,0.6078199052132701,0.2562592319054653,0.3332206960566524,0.0,0.0,0.6106141920095408,0.9932104752667313,0.2,0.0064516129032258064,347,1031,310
trend,UP,TimesFM 2.5 LoRA,1482,0.4574898785425101,0.25566617042127043,0.34140527893765477,0.5588235294117647,0.03667953667953668,0.47573529411764703,0.9445255474452555,0.13636363636363635,0.043010752688172046,518,685,279
trend,DOWN,TimesFM 2.5 LoRA,2544,0.4528301886792453,0.299209681857639,0.34939269894042924,0.2591093117408907,0.08951048951048951,0.4858490566037736,0.8684654300168634,0.327683615819209,0.09020217729393468,715,1186,643
trend,SIDEWAYS,TimesFM 2.5 LoRA,2265,0.5660044150110375,0.28066492736235493,0.3382700368243899,0.27586206896551724,0.032520325203252036,0.5832944470368642,0.946969696969697,0.25,0.03532008830022075,492,1320,453
volatility,HIGH,TimesFM 2.5 LoRA,2653,0.4263098379193366,0.2873431212969296,0.34203826449995733,0.25925925925925924,0.07535885167464115,0.46076181734740707,0.8501270110076207,0.27705627705627706,0.10062893081761007,836,1181,636
volatility,LOW,TimesFM 2.5 LoRA,3638,0.5445299615173173,0.276945220494067,0.3423271051492607,0.375,0.04049493813273341,0.5583623693379791,0.9567164179104478,0.22448979591836735,0.029769959404600813,889,2010,739
combined,UP_HIGH,TimesFM 2.5 LoRA,691,0.4196816208393632,0.2724525958179562,0.3499111874091554,0.56,0.04844290657439446,0.4451939291736931,0.8859060402684564,0.1643835616438356,0.11538461538461539,289,298,104
combined,UP_LOW,TimesFM 2.5 LoRA,791,0.49051833122629585,0.2352649898781003,0.33716604794090327,0.5555555555555556,0.021834061135371178,0.49934810951760106,0.9896640826873385,0.0,0.0,229,387,175
combined,DOWN_HIGH,TimesFM 2.5 LoRA,1385,0.41732851985559566,0.3003991708326073,0.34832792922166106,0.22580645161290322,0.1044776119402985,0.45732838589981445,0.82996632996633,0.35537190082644626,0.11053984575835475,402,594,389
combined,DOWN_LOW,TimesFM 2.5 LoRA,1159,0.49525452976704054,0.29056799803666084,0.34547908421364437,0.36065573770491804,0.07028753993610223,0.5153550863723608,0.9070945945945946,0.26785714285714285,0.05905511811023622,313,592,254
combined,SIDEWAYS_HIGH,TimesFM 2.5 LoRA,577,0.4558058925476603,0.2663067954925131,0.32196140176094834,0.21875,0.04827586206896552,0.4862204724409449,0.8546712802768166,0.24324324324324326,0.06293706293706294,145,289,143
combined,SIDEWAYS_LOW,TimesFM 2.5 LoRA,1688,0.6036729857819905,0.28074616962925625,0.3404530485506156,0.34615384615384615,0.025936599423631124,0.6134556574923548,0.9728419010669254,0.25925925925925924,0.02258064516129032,347,1031,310
trend,UP,Cryptova-Raw,1482,0.4008097165991903,0.32245928336259905,0.34125671300147403,0.34934497816593885,0.15444015444015444,0.49194414607948445,0.6686131386861314,0.17391304347826086,0.2007168458781362,518,685,279
trend,DOWN,Cryptova-Raw,2544,0.4488993710691824,0.40978773584473577,0.41965280310856873,0.3447488584474886,0.2111888111888112,0.5443833464257659,0.5843170320404721,0.3577430972388956,0.463452566096423,715,1186,643
trend,SIDEWAYS,Cryptova-Raw,2265,0.5134657836644592,0.3596811275235166,0.37399972916044627,0.24096385542168675,0.08130081300813008,0.6052471018913972,0.7515151515151515,0.2847826086956522,0.2891832229580574,492,1320,453
volatility,HIGH,Cryptova-Raw,2653,0.4172634753109687,0.400552776408871,0.41733991898736233,0.3777372262773723,0.24760765550239233,0.5334590009425071,0.4792548687552921,0.31992337164750956,0.5251572327044025,836,1181,636
volatility,LOW,Cryptova-Raw,3638,0.4925783397471138,0.33258120415453,0.35363276382203884,0.22456140350877193,0.0719910011248594,0.5668583752695903,0.7845771144278607,0.26444833625218916,0.20433017591339647,889,2010,739
combined,UP_HIGH,Cryptova-Raw,691,0.3661360347322721,0.33703283661526434,0.3664288257742892,0.38311688311688313,0.2041522491349481,0.48742138364779874,0.5201342281879194,0.1780821917808219,0.375,289,298,104
combined,UP_LOW,Cryptova-Raw,791,0.4310998735777497,0.28882001767007454,0.32393055011517485,0.28,0.09170305676855896,0.49429037520391517,0.7829457364341085,0.1650485436893204,0.09714285714285714,229,387,175
combined,DOWN_HIGH,Cryptova-Raw,1385,0.4433212996389892,0.43126882300469793,0.4433139496703425,0.3782051282051282,0.2935323383084577,0.556935817805383,0.45286195286195285,0.3847457627118644,0.583547557840617,402,594,389
combined,DOWN_LOW,Cryptova-Raw,1159,0.455565142364107,0.34988648153023183,0.3670583617251626,0.2619047619047619,0.10543130990415335,0.5367088607594936,0.7162162162162162,0.29218106995884774,0.2795275590551181,313,592,254
combined,SIDEWAYS_HIGH,Cryptova-Raw,577,0.41594454072790293,0.3804699099468123,0.39125683607249045,0.36585365853658536,0.20689655172413793,0.5461538461538461,0.4913494809688581,0.28936170212765955,0.4755244755244755,145,289,143
combined,SIDEWAYS_LOW,Cryptova-Raw,1688,0.5468009478672986,0.3291039739533139,0.3521621797651382,0.11904761904761904,0.02881844380403458,0.6163886874546773,0.8244422890397672,0.28,0.2032258064516129,347,1031,310
trend,UP,Cryptova-Base,1482,0.42375168690958165,0.32555110512954794,0.3511954283322308,0.3894736842105263,0.14285714285714285,0.49317738791423,0.7386861313868613,0.18045112781954886,0.17204301075268819,518,685,279
trend,DOWN,Cryptova-Base,2544,0.44693396226415094,0.3997032368853542,0.40958890309400015,0.3375,0.1888111888111888,0.5271542360608255,0.6138279932546374,0.35910878112712974,0.4261275272161742,715,1186,643
trend,SIDEWAYS,Cryptova-Base,2265,0.5298013245033113,0.35040099073413095,0.3666023014835808,0.27007299270072993,0.07520325203252033,0.5980888139404159,0.806060606060606,0.2836676217765043,0.2185430463576159,492,1320,453
volatility,HIGH,Cryptova-Base,2653,0.4342254052016585,0.4088163930579836,0.42344770460555226,0.4092827004219409,0.23205741626794257,0.5205811138014528,0.54614733276884,0.33297872340425533,0.4921383647798742,836,1181,636
volatility,LOW,Cryptova-Base,3638,0.49835074216602526,0.313840454982872,0.3423413950641907,0.20553359683794467,0.05849268841394826,0.5609093993892094,0.8223880597014925,0.2465753424657534,0.14614343707713126,889,2010,739
combined,UP_HIGH,Cryptova-Base,691,0.4081041968162084,0.3629857780552308,0.3987279673021992,0.4435483870967742,0.1903114186851211,0.49473684210526314,0.6308724832214765,0.20855614973262032,0.375,289,298,104
combined,UP_LOW,Cryptova-Base,791,0.43742098609355246,0.27178739309103256,0.31870114336652366,0.2878787878787879,0.08296943231441048,0.49226006191950467,0.8217054263565892,0.11392405063291139,0.05142857142857143,229,387,175
combined,DOWN_HIGH,Cryptova-Base,1385,0.4404332129963899,0.4253784794671025,0.434461446758573,0.3894736842105263,0.27611940298507465,0.5217391304347826,0.48484848484848486,0.38503649635036497,0.5424164524421594,402,594,389
combined,DOWN_LOW,Cryptova-Base,1159,0.454702329594478,0.3333628149216888,0.3559840185333883,0.20869565217391303,0.07667731629392971,0.5307599517490953,0.7432432432432432,0.2930232558139535,0.24803149606299213,313,592,254
combined,SIDEWAYS_HIGH,Cryptova-Base,577,0.4506065857885615,0.3986165753812132,0.40614599178016436,0.4307692307692308,0.19310344827586207,0.5504885993485342,0.5847750865051903,0.3073170731707317,0.4405594405594406,145,289,143
combined,SIDEWAYS_LOW,Cryptova-Base,1688,0.556872037914692,0.3055638551273054,0.3367182884784443,0.125,0.025936599423631124,0.608016304347826,0.8680892337536372,0.25,0.11612903225806452,347,1031,310
trend,UP,Cryptova-Full,1482,0.4392712550607287,0.30478297085703127,0.34326826405941074,0.3894736842105263,0.14285714285714285,0.48138528138528136,0.8116788321167884,0.15328467153284672,0.07526881720430108,518,685,279
trend,DOWN,Cryptova-Full,2544,0.4382861635220126,0.3675413930574685,0.3765854945703306,0.3375,0.1888111888111888,0.4984783931832015,0.6905564924114671,0.3213572854291417,0.25038880248833595,715,1186,643
trend,SIDEWAYS,Cryptova-Full,2265,0.5479028697571744,0.33142227183780215,0.35569020033969156,0.27007299270072993,0.07520325203252033,0.5916580844490217,0.8704545454545455,0.2956989247311828,0.12141280353200883,492,1320,453
volatility,HIGH,Cryptova-Full,2653,0.4334715416509612,0.38296830065109355,0.3902317965434154,0.4092827004219409,0.23205741626794257,0.48473520249221186,0.6587637595258256,0.31010452961672474,0.279874213836478,836,1181,636
volatility,LOW,Cryptova-Full,3638,0.5104452996151732,0.2963659797323179,0.3356623410783688,0.20553359683794467,0.05849268841394826,0.5569377990430622,0.8686567164179104,0.236,0.07983761840324763,889,2010,739
combined,UP_HIGH,Cryptova-Full,691,0.41678726483357453,0.33249315904553217,0.35953505730392005,0.4435483870967742,0.1903114186851211,0.46652267818574517,0.7248322147651006,0.16346153846153846,0.16346153846153846,289,298,104
combined,UP_LOW,Cryptova-Full,791,0.4589127686472819,0.26582941937240484,0.3281265155825936,0.2878787878787879,0.08296943231441048,0.4913294797687861,0.8785529715762274,0.12121212121212122,0.022857142857142857,229,387,175
combined,DOWN_HIGH,Cryptova-Full,1385,0.4252707581227437,0.3957762782894559,0.39753981686350687,0.3894736842105263,0.27611940298507465,0.4756756756756757,0.5925925925925926,0.35,0.32390745501285345,402,594,389
combined,DOWN_LOW,Cryptova-Full,1159,0.453839516824849,0.3047046288210989,0.3344413144119441,0.20869565217391303,0.07667731629392971,0.5171650055370985,0.7888513513513513,0.24822695035460993,0.1377952755905512,313,592,254
combined,SIDEWAYS_HIGH,Cryptova-Full,577,0.4731369150779896,0.3837204232598432,0.38816743054900793,0.4307692307692308,0.19310344827586207,0.5223880597014925,0.726643598615917,0.3181818181818182,0.24475524475524477,145,289,143
combined,SIDEWAYS_LOW,Cryptova-Full,1688,0.5734597156398105,0.2923471486862643,0.33373965827288127,0.125,0.025936599423631124,0.6097402597402597,0.9107662463627546,0.2631578947368421,0.06451612903225806,347,1031,310
