sample_time,target_time,pred,pred_label,raw_future_return,strategy_return
2025-07-10 22:00:00+00:00,2025-07-11 22:00:00+00:00,0,SHORT,0.0097185084433728,-0.0117185084433728
2025-07-12 19:00:00+00:00,2025-07-13 19:00:00+00:00,0,SHORT,0.0125526859512927,-0.0145526859512927
2025-08-13 14:00:00+00:00,2025-08-14 14:00:00+00:00,0,SHORT,-0.0277330727669846,0.025733072766984597
2025-08-15 03:00:00+00:00,2025-08-16 03:00:00+00:00,2,LONG,-0.0102230600751203,-0.0122230600751203
2025-08-23 15:00:00+00:00,2025-08-24 15:00:00+00:00,0,SHORT,-0.0006300048079314,-0.0013699951920686
2025-08-26 13:00:00+00:00,2025-08-27 13:00:00+00:00,2,LONG,0.0101312745237747,0.0081312745237747
2025-10-03 23:00:00+00:00,2025-10-04 23:00:00+00:00,2,LONG,-0.0014059412249579,-0.0034059412249579
2025-10-09 17:00:00+00:00,2025-10-10 17:00:00+00:00,2,LONG,-0.0133260849051483,-0.0153260849051483
2025-10-10 21:00:00+00:00,2025-10-11 21:00:00+00:00,2,LONG,-0.0352855895945812,-0.037285589594581205
2025-10-12 17:00:00+00:00,2025-10-13 17:00:00+00:00,2,LONG,0.0049114388911251,0.0029114388911250996
2025-10-15 05:00:00+00:00,2025-10-16 05:00:00+00:00,2,LONG,-0.0122924360199364,-0.0142924360199364
2025-10-16 16:00:00+00:00,2025-10-17 16:00:00+00:00,2,LONG,-0.0159860229478119,-0.017986022947811903
2025-10-21 03:00:00+00:00,2025-10-22 03:00:00+00:00,0,SHORT,-0.012044153675545,0.010044153675545
2025-11-03 16:00:00+00:00,2025-11-04 16:00:00+00:00,2,LONG,-0.0241095164662585,-0.026109516466258503
2025-11-04 22:00:00+00:00,2025-11-05 22:00:00+00:00,0,SHORT,0.0334962683850479,-0.0354962683850479
2025-11-05 22:00:00+00:00,2025-11-06 22:00:00+00:00,2,LONG,-0.0246845789657548,-0.026684578965754803
2025-11-06 22:00:00+00:00,2025-11-07 22:00:00+00:00,2,LONG,0.0274524936798412,0.025452493679841197
2025-11-10 01:00:00+00:00,2025-11-11 01:00:00+00:00,0,SHORT,-0.0016205640353361,-0.0003794359646639
2025-11-12 16:00:00+00:00,2025-11-13 16:00:00+00:00,2,LONG,-0.0077974580404307,-0.009797458040430699
2025-11-20 17:00:00+00:00,2025-11-21 17:00:00+00:00,2,LONG,-0.0336665038945782,-0.0356665038945782
2025-11-23 04:00:00+00:00,2025-11-24 04:00:00+00:00,2,LONG,0.0132054825008809,0.0112054825008809
2025-11-26 18:00:00+00:00,2025-11-27 18:00:00+00:00,0,SHORT,0.0181028224279917,-0.020102822427991697
2025-12-01 01:00:00+00:00,2025-12-02 01:00:00+00:00,2,LONG,-0.005521119633842,-0.007521119633842
2025-12-02 01:00:00+00:00,2025-12-03 01:00:00+00:00,2,LONG,0.059491031709046,0.057491031709046
2025-12-03 05:00:00+00:00,2025-12-04 05:00:00+00:00,0,SHORT,0.0001993541354727,-0.0021993541354727
2025-12-04 12:00:00+00:00,2025-12-05 12:00:00+00:00,0,SHORT,-0.0171034571848407,0.0151034571848407
2025-12-07 23:00:00+00:00,2025-12-08 23:00:00+00:00,2,LONG,0.013819367663975,0.011819367663975
2025-12-09 16:00:00+00:00,2025-12-10 16:00:00+00:00,0,SHORT,-0.0070151849997409,0.0050151849997409
2025-12-11 04:00:00+00:00,2025-12-12 04:00:00+00:00,2,LONG,0.0267986654658678,0.0247986654658678
2025-12-12 06:00:00+00:00,2025-12-13 06:00:00+00:00,0,SHORT,-0.0229122208611264,0.0209122208611264
2025-12-13 06:00:00+00:00,2025-12-14 06:00:00+00:00,2,LONG,-0.0014818604991143,-0.0034818604991143
2025-12-17 01:00:00+00:00,2025-12-18 01:00:00+00:00,2,LONG,-0.014915734671368,-0.016915734671367998
2025-12-18 03:00:00+00:00,2025-12-19 03:00:00+00:00,2,LONG,-0.0122569552624594,-0.0142569552624594
2025-12-26 03:00:00+00:00,2025-12-27 03:00:00+00:00,0,SHORT,-0.0196300562733514,0.017630056273351402
2026-01-08 15:00:00+00:00,2026-01-09 15:00:00+00:00,0,SHORT,0.0013770308148155,-0.0033770308148155003
2026-01-19 00:00:00+00:00,2026-01-20 00:00:00+00:00,2,LONG,-0.011111395936538,-0.013111395936538
2026-01-21 00:00:00+00:00,2026-01-22 00:00:00+00:00,0,SHORT,0.0116564965563439,-0.0136564965563439
2026-01-25 20:00:00+00:00,2026-01-26 20:00:00+00:00,2,LONG,0.0175355192584187,0.015535519258418699
2026-01-29 16:00:00+00:00,2026-01-30 16:00:00+00:00,2,LONG,-0.0241826046393284,-0.0261826046393284
2026-02-01 00:00:00+00:00,2026-02-02 00:00:00+00:00,2,LONG,-0.0224371191445458,-0.0244371191445458
2026-02-02 14:00:00+00:00,2026-02-03 14:00:00+00:00,2,LONG,0.0010117897165835,-0.0009882102834165001
2026-02-03 17:00:00+00:00,2026-02-04 17:00:00+00:00,2,LONG,-0.0372083289735273,-0.0392083289735273
2026-02-05 04:00:00+00:00,2026-02-06 04:00:00+00:00,0,SHORT,-0.0990376335703079,0.0970376335703079
2026-02-06 04:00:00+00:00,2026-02-07 04:00:00+00:00,0,SHORT,0.1050909981025498,-0.10709099810254981
2026-02-07 04:00:00+00:00,2026-02-08 04:00:00+00:00,2,LONG,-0.0256295579373891,-0.027629557937389103
2026-02-18 20:00:00+00:00,2026-02-19 20:00:00+00:00,2,LONG,0.0134642513165634,0.0114642513165634
2026-02-23 02:00:00+00:00,2026-02-24 02:00:00+00:00,2,LONG,-0.0040909705105325,-0.0060909705105325
2026-02-24 11:00:00+00:00,2026-02-25 11:00:00+00:00,0,SHORT,0.033508239121877,-0.035508239121877
2026-02-28 07:00:00+00:00,2026-03-01 07:00:00+00:00,2,LONG,0.0588425221027442,0.0568425221027442
2026-03-02 16:00:00+00:00,2026-03-03 16:00:00+00:00,0,SHORT,-0.02016733022755,0.018167330227550002
2026-03-04 13:00:00+00:00,2026-03-05 13:00:00+00:00,0,SHORT,0.0216183088774606,-0.023618308877460602
2026-03-07 07:00:00+00:00,2026-03-08 07:00:00+00:00,0,SHORT,-0.0077857471169237,0.0057857471169237
2026-03-10 10:00:00+00:00,2026-03-11 10:00:00+00:00,0,SHORT,-0.0225916165506678,0.020591616550667803
2026-03-13 01:00:00+00:00,2026-03-14 01:00:00+00:00,0,SHORT,-0.0118341952957149,0.0098341952957149
2026-03-15 23:00:00+00:00,2026-03-16 23:00:00+00:00,0,SHORT,0.027759249300999,-0.029759249300998998
2026-03-17 01:00:00+00:00,2026-03-18 01:00:00+00:00,2,LONG,-0.0195006567509883,-0.0215006567509883
2026-03-19 15:00:00+00:00,2026-03-20 15:00:00+00:00,0,SHORT,0.0035809935205182,-0.0055809935205182
2026-03-20 23:00:00+00:00,2026-03-21 23:00:00+00:00,2,LONG,-0.0069159734670911,-0.008915973467091099
2026-03-22 00:00:00+00:00,2026-03-23 00:00:00+00:00,2,LONG,-0.0151356531461219,-0.0171356531461219
